name	id
a e	101
a k	134
a n	151
a o	128
a u	190
b b	198
b e	161
b o	102
b r	140
b y	174
c n	131
c t	126
d a	139
d a	156
d h	123
d i	152
e c	170
e h	112
e l	165
e s	129
e t	181
f c	130
f e	111
f j	127
f y	119
g d	163
g e	164
g g	147
g p	124
g q	117
h c	183
h r	120
h x	160
i g	199
i i	105
i l	108
i s	167
i z	144
j g	132
j i	155
j y	110
j z	103
k h	187
k j	122
k j	192
k u	104
k z	153
l b	176
l w	106
m n	184
m v	173
n c	114
n j	158
n l	177
n s	195
o b	197
o e	185
o j	148
o k	109
o p	125
o r	157
o v	179
o y	182
p a	100
p c	159
p e	143
p m	150
p o	149
p z	116
q a	193
q g	141
q h	107
q u	113
q u	171
r d	166
r e	168
r j	175
r o	189
s m	194
s r	191
s x	135
t c	133
t i	118
t w	169
u h	162
u i	188
u l	154
v f	136
v g	196
v k	138
v m	146
v u	121
w k	142
w l	172
w n	178
x e	180
y g	186
z b	115
z n	145
z r	137
